path,actual,predicted,confidence,correct
data/dataset-resized/paper/paper46.jpg,paper,paper,0.6162,True
data/dataset-resized/cardboard/cardboard157.jpg,cardboard,cardboard,0.8435,True
data/dataset-resized/plastic/plastic433.jpg,plastic,plastic,0.9961,True
data/dataset-resized/cardboard/cardboard135.jpg,cardboard,glass,0.8291,False
data/dataset-resized/glass/glass350.jpg,glass,plastic,0.6542,False
data/dataset-resized/paper/paper37.jpg,paper,paper,0.7654,True
data/dataset-resized/plastic/plastic102.jpg,plastic,plastic,0.4818,True
data/dataset-resized/glass/glass11.jpg,glass,glass,0.9092,True
data/dataset-resized/plastic/plastic295.jpg,plastic,plastic,0.9807,True
data/dataset-resized/plastic/plastic437.jpg,plastic,plastic,0.9401,True
data/dataset-resized/metal/metal254.jpg,metal,metal,0.8501,True
data/dataset-resized/plastic/plastic253.jpg,plastic,plastic,0.9825,True
data/dataset-resized/plastic/plastic273.jpg,plastic,cardboard,0.7651,False
data/dataset-resized/paper/paper449.jpg,paper,paper,0.7116,True
data/dataset-resized/cardboard/cardboard381.jpg,cardboard,cardboard,0.9997,True
data/dataset-resized/glass/glass183.jpg,glass,glass,0.7151,True
data/dataset-resized/paper/paper425.jpg,paper,paper,0.8991,True
data/dataset-resized/metal/metal110.jpg,metal,metal,0.836,True
data/dataset-resized/cardboard/cardboard67.jpg,cardboard,cardboard,0.9981,True
data/dataset-resized/glass/glass58.jpg,glass,plastic,0.487,False
data/dataset-resized/cardboard/cardboard291.jpg,cardboard,cardboard,0.9538,True
data/dataset-resized/paper/paper187.jpg,paper,paper,0.8633,True
data/dataset-resized/plastic/plastic451.jpg,plastic,glass,0.4342,False
data/dataset-resized/metal/metal126.jpg,metal,cardboard,0.8499,False
data/dataset-resized/paper/paper225.jpg,paper,plastic,0.6461,False
data/dataset-resized/paper/paper196.jpg,paper,paper,0.9992,True
data/dataset-resized/metal/metal2.jpg,metal,metal,0.7746,True
data/dataset-resized/plastic/plastic171.jpg,plastic,plastic,0.9433,True
data/dataset-resized/paper/paper153.jpg,paper,paper,0.897,True
data/dataset-resized/paper/paper442.jpg,paper,paper,0.7637,True
data/dataset-resized/plastic/plastic49.jpg,plastic,plastic,0.9967,True
data/dataset-resized/paper/paper78.jpg,paper,paper,0.9257,True
data/dataset-resized/plastic/plastic359.jpg,plastic,glass,0.3265,False
data/dataset-resized/metal/metal86.jpg,metal,plastic,0.3597,False
data/dataset-resized/metal/metal373.jpg,metal,metal,0.5897,True
data/dataset-resized/plastic/plastic375.jpg,plastic,plastic,0.8504,True
data/dataset-resized/metal/metal392.jpg,metal,metal,0.96,True
data/dataset-resized/metal/metal260.jpg,metal,metal,0.4502,True
data/dataset-resized/glass/glass19.jpg,glass,metal,0.5199,False
data/dataset-resized/cardboard/cardboard43.jpg,cardboard,cardboard,0.9893,True
data/dataset-resized/metal/metal336.jpg,metal,metal,0.9443,True
data/dataset-resized/metal/metal290.jpg,metal,plastic,0.4762,False
data/dataset-resized/glass/glass101.jpg,glass,plastic,0.6031,False
data/dataset-resized/cardboard/cardboard49.jpg,cardboard,cardboard,0.9891,True
data/dataset-resized/glass/glass359.jpg,glass,glass,0.7536,True
data/dataset-resized/paper/paper108.jpg,paper,paper,0.9599,True
data/dataset-resized/glass/glass445.jpg,glass,glass,0.8143,True
data/dataset-resized/paper/paper460.jpg,paper,paper,0.8578,True
data/dataset-resized/plastic/plastic215.jpg,plastic,plastic,0.7459,True
data/dataset-resized/paper/paper28.jpg,paper,paper,0.6532,True
data/dataset-resized/plastic/plastic294.jpg,plastic,plastic,0.7649,True
data/dataset-resized/plastic/plastic265.jpg,plastic,plastic,0.8467,True
data/dataset-resized/cardboard/cardboard146.jpg,cardboard,cardboard,0.6582,True
data/dataset-resized/glass/glass494.jpg,glass,glass,0.9965,True
data/dataset-resized/cardboard/cardboard148.jpg,cardboard,metal,0.3307,False
data/dataset-resized/cardboard/cardboard243.jpg,cardboard,cardboard,0.6758,True
data/dataset-resized/metal/metal235.jpg,metal,metal,0.6612,True
data/dataset-resized/glass/glass302.jpg,glass,glass,0.8635,True
data/dataset-resized/plastic/plastic178.jpg,plastic,paper,0.4559,False
data/dataset-resized/plastic/plastic463.jpg,plastic,glass,0.6492,False
data/dataset-resized/metal/metal297.jpg,metal,metal,0.5584,True
data/dataset-resized/cardboard/cardboard34.jpg,cardboard,cardboard,0.9982,True
data/dataset-resized/glass/glass493.jpg,glass,glass,0.9038,True
data/dataset-resized/metal/metal344.jpg,metal,glass,0.3642,False
data/dataset-resized/paper/paper584.jpg,paper,plastic,0.7765,False
data/dataset-resized/plastic/plastic2.jpg,plastic,paper,0.6404,False
data/dataset-resized/paper/paper251.jpg,paper,metal,0.5891,False
data/dataset-resized/glass/glass292.jpg,glass,glass,0.7258,True
data/dataset-resized/paper/paper48.jpg,paper,paper,0.9462,True
data/dataset-resized/metal/metal253.jpg,metal,metal,0.6774,True
data/dataset-resized/paper/paper63.jpg,paper,glass,0.3718,False
data/dataset-resized/paper/paper136.jpg,paper,paper,0.7167,True
data/dataset-resized/cardboard/cardboard330.jpg,cardboard,cardboard,0.9992,True
data/dataset-resized/cardboard/cardboard93.jpg,cardboard,cardboard,0.9985,True
data/dataset-resized/plastic/plastic380.jpg,plastic,plastic,0.9798,True
data/dataset-resized/plastic/plastic1.jpg,plastic,metal,0.4707,False
data/dataset-resized/plastic/plastic66.jpg,plastic,plastic,0.9701,True
data/dataset-resized/paper/paper288.jpg,paper,paper,0.596,True
data/dataset-resized/paper/paper498.jpg,paper,paper,0.9143,True
data/dataset-resized/cardboard/cardboard345.jpg,cardboard,cardboard,0.9795,True
data/dataset-resized/metal/metal219.jpg,metal,metal,0.2929,True
data/dataset-resized/glass/glass41.jpg,glass,glass,0.9401,True
data/dataset-resized/paper/paper471.jpg,paper,paper,0.9136,True
data/dataset-resized/paper/paper44.jpg,paper,glass,0.4349,False
data/dataset-resized/paper/paper385.jpg,paper,paper,0.7439,True
data/dataset-resized/cardboard/cardboard10.jpg,cardboard,cardboard,0.8897,True
data/dataset-resized/paper/paper510.jpg,paper,cardboard,0.9718,False
data/dataset-resized/glass/glass246.jpg,glass,glass,0.7592,True
data/dataset-resized/paper/paper370.jpg,paper,glass,0.5036,False
data/dataset-resized/glass/glass304.jpg,glass,glass,0.4435,True
data/dataset-resized/plastic/plastic378.jpg,plastic,plastic,0.8914,True
data/dataset-resized/paper/paper215.jpg,paper,paper,0.9273,True
data/dataset-resized/paper/paper109.jpg,paper,paper,0.9865,True
data/dataset-resized/metal/metal320.jpg,metal,metal,0.7541,True
data/dataset-resized/glass/glass3.jpg,glass,glass,0.7707,True
data/dataset-resized/metal/metal310.jpg,metal,plastic,0.7706,False
data/dataset-resized/paper/paper456.jpg,paper,paper,0.9635,True
data/dataset-resized/paper/paper157.jpg,paper,paper,0.9675,True
data/dataset-resized/paper/paper503.jpg,paper,paper,0.9725,True
data/dataset-resized/cardboard/cardboard382.jpg,cardboard,cardboard,0.9995,True
data/dataset-resized/glass/glass182.jpg,glass,glass,0.7165,True
data/dataset-resized/cardboard/cardboard363.jpg,cardboard,cardboard,0.9325,True
data/dataset-resized/plastic/plastic77.jpg,plastic,plastic,0.984,True
data/dataset-resized/glass/glass32.jpg,glass,glass,0.4736,True
data/dataset-resized/metal/metal359.jpg,metal,metal,0.9494,True
data/dataset-resized/cardboard/cardboard223.jpg,cardboard,cardboard,0.9977,True
data/dataset-resized/plastic/plastic369.jpg,plastic,plastic,0.5345,True
data/dataset-resized/paper/paper358.jpg,paper,plastic,0.4644,False
data/dataset-resized/glass/glass294.jpg,glass,glass,0.5835,True
data/dataset-resized/cardboard/cardboard365.jpg,cardboard,cardboard,0.9894,True
data/dataset-resized/cardboard/cardboard235.jpg,cardboard,cardboard,0.9969,True
data/dataset-resized/paper/paper547.jpg,paper,paper,0.981,True
data/dataset-resized/cardboard/cardboard392.jpg,cardboard,glass,0.4838,False
data/dataset-resized/metal/metal223.jpg,metal,metal,0.4989,True
data/dataset-resized/metal/metal341.jpg,metal,glass,0.6982,False
data/dataset-resized/plastic/plastic317.jpg,plastic,plastic,0.7809,True
data/dataset-resized/paper/paper482.jpg,paper,paper,0.8605,True
data/dataset-resized/glass/glass230.jpg,glass,glass,0.8046,True
data/dataset-resized/glass/glass260.jpg,glass,glass,0.5071,True
data/dataset-resized/metal/metal69.jpg,metal,plastic,0.6794,False
data/dataset-resized/paper/paper257.jpg,paper,paper,0.3724,True
data/dataset-resized/paper/paper252.jpg,paper,paper,0.8045,True
data/dataset-resized/cardboard/cardboard46.jpg,cardboard,cardboard,0.9999,True
data/dataset-resized/plastic/plastic308.jpg,plastic,plastic,0.9681,True
data/dataset-resized/cardboard/cardboard332.jpg,cardboard,cardboard,0.9938,True
data/dataset-resized/glass/glass316.jpg,glass,metal,0.7629,False
data/dataset-resized/cardboard/cardboard286.jpg,cardboard,paper,0.7161,False
data/dataset-resized/plastic/plastic440.jpg,plastic,plastic,0.9628,True
data/dataset-resized/metal/metal382.jpg,metal,glass,0.4453,False
data/dataset-resized/glass/glass140.jpg,glass,glass,0.4249,True
data/dataset-resized/plastic/plastic87.jpg,plastic,cardboard,0.8898,False
data/dataset-resized/metal/metal161.jpg,metal,metal,0.4484,True
data/dataset-resized/glass/glass313.jpg,glass,glass,0.7138,True
data/dataset-resized/glass/glass36.jpg,glass,glass,0.7629,True
data/dataset-resized/metal/metal301.jpg,metal,metal,0.9889,True
data/dataset-resized/cardboard/cardboard375.jpg,cardboard,cardboard,1.0,True
data/dataset-resized/cardboard/cardboard245.jpg,cardboard,cardboard,0.8226,True
data/dataset-resized/paper/paper403.jpg,paper,paper,0.9304,True
data/dataset-resized/paper/paper82.jpg,paper,paper,0.4714,True
data/dataset-resized/cardboard/cardboard69.jpg,cardboard,cardboard,0.3732,True
data/dataset-resized/cardboard/cardboard271.jpg,cardboard,cardboard,0.9997,True
data/dataset-resized/cardboard/cardboard71.jpg,cardboard,cardboard,0.9991,True
data/dataset-resized/paper/paper555.jpg,paper,paper,0.9751,True
data/dataset-resized/paper/paper279.jpg,paper,paper,0.5311,True
data/dataset-resized/paper/paper138.jpg,paper,paper,0.8751,True
data/dataset-resized/cardboard/cardboard294.jpg,cardboard,paper,0.6096,False
data/dataset-resized/metal/metal140.jpg,metal,metal,0.9045,True
data/dataset-resized/glass/glass489.jpg,glass,glass,0.972,True
data/dataset-resized/cardboard/cardboard195.jpg,cardboard,metal,0.7439,False
data/dataset-resized/glass/glass320.jpg,glass,glass,0.9977,True
data/dataset-resized/plastic/plastic457.jpg,plastic,glass,0.8162,False
data/dataset-resized/glass/glass35.jpg,glass,glass,0.9823,True
data/dataset-resized/cardboard/cardboard171.jpg,cardboard,glass,0.614,False
data/dataset-resized/plastic/plastic402.jpg,plastic,paper,0.4085,False
data/dataset-resized/cardboard/cardboard383.jpg,cardboard,cardboard,0.6998,True
data/dataset-resized/plastic/plastic266.jpg,plastic,plastic,0.3077,True
data/dataset-resized/cardboard/cardboard84.jpg,cardboard,cardboard,0.9996,True
data/dataset-resized/metal/metal90.jpg,metal,metal,0.5059,True
data/dataset-resized/glass/glass400.jpg,glass,glass,0.3824,True
data/dataset-resized/plastic/plastic62.jpg,plastic,plastic,0.9742,True
data/dataset-resized/plastic/plastic74.jpg,plastic,metal,0.625,False
data/dataset-resized/paper/paper572.jpg,paper,paper,0.7953,True
data/dataset-resized/plastic/plastic208.jpg,plastic,glass,0.6157,False
data/dataset-resized/paper/paper490.jpg,paper,paper,0.9853,True
data/dataset-resized/cardboard/cardboard395.jpg,cardboard,cardboard,0.953,True
data/dataset-resized/glass/glass343.jpg,glass,glass,0.6089,True
data/dataset-resized/paper/paper302.jpg,paper,metal,0.4874,False
data/dataset-resized/cardboard/cardboard251.jpg,cardboard,cardboard,0.989,True
data/dataset-resized/metal/metal167.jpg,metal,metal,0.5408,True
data/dataset-resized/glass/glass462.jpg,glass,plastic,0.5333,False
data/dataset-resized/glass/glass97.jpg,glass,glass,0.6453,True
data/dataset-resized/metal/metal20.jpg,metal,metal,0.9142,True
data/dataset-resized/glass/glass107.jpg,glass,glass,0.7561,True
data/dataset-resized/metal/metal397.jpg,metal,glass,0.5131,False
data/dataset-resized/paper/paper216.jpg,paper,glass,0.458,False
data/dataset-resized/paper/paper253.jpg,paper,paper,0.4352,True
data/dataset-resized/glass/glass348.jpg,glass,glass,0.4631,True
data/dataset-resized/cardboard/cardboard333.jpg,cardboard,cardboard,0.5099,True
data/dataset-resized/metal/metal11.jpg,metal,metal,0.9256,True
data/dataset-resized/paper/paper518.jpg,paper,paper,0.6816,True
data/dataset-resized/metal/metal136.jpg,metal,plastic,0.5128,False
data/dataset-resized/paper/paper318.jpg,paper,paper,0.7664,True
data/dataset-resized/metal/metal356.jpg,metal,metal,0.833,True
data/dataset-resized/paper/paper292.jpg,paper,paper,0.692,True
data/dataset-resized/cardboard/cardboard118.jpg,cardboard,glass,0.3552,False
data/dataset-resized/glass/glass204.jpg,glass,glass,0.8083,True
data/dataset-resized/paper/paper480.jpg,paper,paper,0.8741,True
data/dataset-resized/paper/paper66.jpg,paper,paper,0.9003,True
data/dataset-resized/glass/glass401.jpg,glass,cardboard,0.8318,False
data/dataset-resized/glass/glass188.jpg,glass,glass,0.5697,True
data/dataset-resized/cardboard/cardboard350.jpg,cardboard,cardboard,0.9408,True
data/dataset-resized/paper/paper40.jpg,paper,paper,0.9852,True
data/dataset-resized/paper/paper124.jpg,paper,paper,0.7425,True
data/dataset-resized/plastic/plastic285.jpg,plastic,metal,0.8774,False
data/dataset-resized/glass/glass434.jpg,glass,glass,0.7755,True
data/dataset-resized/plastic/plastic372.jpg,plastic,plastic,0.6168,True
data/dataset-resized/paper/paper319.jpg,paper,paper,0.9997,True
data/dataset-resized/cardboard/cardboard99.jpg,cardboard,glass,0.6087,False
data/dataset-resized/glass/glass396.jpg,glass,glass,0.8272,True
data/dataset-resized/metal/metal259.jpg,metal,metal,0.4537,True
data/dataset-resized/glass/glass412.jpg,glass,glass,0.7113,True
data/dataset-resized/cardboard/cardboard151.jpg,cardboard,metal,0.5521,False
data/dataset-resized/glass/glass167.jpg,glass,glass,0.7801,True
data/dataset-resized/plastic/plastic467.jpg,plastic,metal,0.825,False
data/dataset-resized/glass/glass405.jpg,glass,glass,0.7159,True
data/dataset-resized/glass/glass349.jpg,glass,glass,0.6895,True
data/dataset-resized/metal/metal358.jpg,metal,plastic,0.8663,False
data/dataset-resized/paper/paper464.jpg,paper,metal,0.9959,False
data/dataset-resized/paper/paper25.jpg,paper,paper,0.6512,True
data/dataset-resized/glass/glass340.jpg,glass,cardboard,0.306,False
data/dataset-resized/glass/glass275.jpg,glass,paper,0.7019,False
data/dataset-resized/metal/metal75.jpg,metal,metal,0.9938,True
data/dataset-resized/plastic/plastic24.jpg,plastic,plastic,0.535,True
data/dataset-resized/paper/paper313.jpg,paper,paper,0.6755,True
data/dataset-resized/plastic/plastic177.jpg,plastic,plastic,0.4859,True
data/dataset-resized/plastic/plastic32.jpg,plastic,plastic,0.9991,True
data/dataset-resized/paper/paper176.jpg,paper,paper,0.5052,True
data/dataset-resized/glass/glass181.jpg,glass,glass,0.434,True
data/dataset-resized/glass/glass431.jpg,glass,plastic,0.8573,False
data/dataset-resized/plastic/plastic455.jpg,plastic,paper,0.7129,False
data/dataset-resized/plastic/plastic157.jpg,plastic,plastic,0.9294,True
data/dataset-resized/cardboard/cardboard138.jpg,cardboard,cardboard,0.9961,True
data/dataset-resized/glass/glass455.jpg,glass,glass,0.9919,True
data/dataset-resized/glass/glass376.jpg,glass,glass,0.8645,True
data/dataset-resized/paper/paper324.jpg,paper,paper,0.6578,True
data/dataset-resized/paper/paper59.jpg,paper,paper,0.5537,True
data/dataset-resized/metal/metal132.jpg,metal,metal,0.6292,True
data/dataset-resized/plastic/plastic42.jpg,plastic,plastic,0.4675,True
data/dataset-resized/glass/glass452.jpg,glass,plastic,0.5613,False
data/dataset-resized/glass/glass130.jpg,glass,glass,0.8485,True
data/dataset-resized/paper/paper160.jpg,paper,plastic,0.5155,False
data/dataset-resized/metal/metal25.jpg,metal,metal,0.9165,True
data/dataset-resized/metal/metal199.jpg,metal,metal,0.3558,True
data/dataset-resized/plastic/plastic121.jpg,plastic,plastic,0.7723,True
data/dataset-resized/glass/glass211.jpg,glass,glass,0.672,True
data/dataset-resized/plastic/plastic480.jpg,plastic,plastic,0.3449,True
data/dataset-resized/cardboard/cardboard341.jpg,cardboard,cardboard,0.9353,True
data/dataset-resized/cardboard/cardboard90.jpg,cardboard,cardboard,0.9994,True
data/dataset-resized/metal/metal18.jpg,metal,plastic,0.7339,False
data/dataset-resized/metal/metal3.jpg,metal,glass,0.6072,False
data/dataset-resized/cardboard/cardboard60.jpg,cardboard,cardboard,0.9941,True
data/dataset-resized/paper/paper241.jpg,paper,paper,0.9084,True
data/dataset-resized/plastic/plastic31.jpg,plastic,plastic,0.9632,True
data/dataset-resized/paper/paper378.jpg,paper,paper,0.9085,True
data/dataset-resized/plastic/plastic360.jpg,plastic,plastic,0.9606,True
data/dataset-resized/metal/metal218.jpg,metal,glass,0.4878,False
data/dataset-resized/cardboard/cardboard13.jpg,cardboard,cardboard,0.8563,True
data/dataset-resized/glass/glass346.jpg,glass,glass,0.3884,True
data/dataset-resized/paper/paper526.jpg,paper,paper,0.8048,True
data/dataset-resized/plastic/plastic212.jpg,plastic,paper,0.6698,False
data/dataset-resized/plastic/plastic13.jpg,plastic,paper,0.4026,False
data/dataset-resized/paper/paper473.jpg,paper,paper,0.9914,True
data/dataset-resized/paper/paper86.jpg,paper,paper,0.9962,True
data/dataset-resized/paper/paper304.jpg,paper,metal,0.6837,False
data/dataset-resized/plastic/plastic410.jpg,plastic,paper,0.6959,False
data/dataset-resized/paper/paper94.jpg,paper,paper,0.2736,True
data/dataset-resized/plastic/plastic135.jpg,plastic,plastic,0.4597,True
data/dataset-resized/paper/paper265.jpg,paper,paper,0.9986,True
data/dataset-resized/metal/metal1.jpg,metal,glass,0.5857,False
data/dataset-resized/paper/paper263.jpg,paper,plastic,0.9843,False
data/dataset-resized/plastic/plastic349.jpg,plastic,plastic,0.9335,True
data/dataset-resized/plastic/plastic37.jpg,plastic,paper,0.4431,False
data/dataset-resized/paper/paper533.jpg,paper,paper,0.6295,True
data/dataset-resized/glass/glass312.jpg,glass,plastic,0.8476,False
data/dataset-resized/cardboard/cardboard378.jpg,cardboard,cardboard,0.766,True
data/dataset-resized/metal/metal103.jpg,metal,plastic,0.5483,False
data/dataset-resized/plastic/plastic4.jpg,plastic,metal,0.667,False
data/dataset-resized/metal/metal217.jpg,metal,metal,0.2543,True
data/dataset-resized/paper/paper341.jpg,paper,paper,0.9048,True
data/dataset-resized/metal/metal204.jpg,metal,metal,0.7996,True
data/dataset-resized/metal/metal169.jpg,metal,paper,0.4386,False
data/dataset-resized/metal/metal273.jpg,metal,metal,0.9453,True
data/dataset-resized/metal/metal101.jpg,metal,metal,0.9893,True
data/dataset-resized/paper/paper112.jpg,paper,paper,0.9407,True
data/dataset-resized/metal/metal243.jpg,metal,glass,0.5466,False
data/dataset-resized/plastic/plastic133.jpg,plastic,cardboard,0.597,False
data/dataset-resized/metal/metal179.jpg,metal,glass,0.7974,False
data/dataset-resized/paper/paper171.jpg,paper,paper,0.3693,True
data/dataset-resized/glass/glass21.jpg,glass,glass,0.5985,True
data/dataset-resized/cardboard/cardboard178.jpg,cardboard,cardboard,0.7998,True
data/dataset-resized/plastic/plastic394.jpg,plastic,plastic,0.9473,True
data/dataset-resized/glass/glass112.jpg,glass,glass,0.8521,True
data/dataset-resized/glass/glass381.jpg,glass,glass,0.6197,True
data/dataset-resized/cardboard/cardboard179.jpg,cardboard,plastic,0.7728,False
data/dataset-resized/paper/paper8.jpg,paper,paper,0.7341,True
data/dataset-resized/glass/glass42.jpg,glass,glass,0.4052,True
data/dataset-resized/metal/metal173.jpg,metal,metal,0.3805,True
data/dataset-resized/glass/glass75.jpg,glass,glass,0.5593,True
data/dataset-resized/paper/paper346.jpg,paper,paper,0.5442,True
data/dataset-resized/metal/metal390.jpg,metal,metal,0.9973,True
data/dataset-resized/metal/metal134.jpg,metal,plastic,0.8958,False
data/dataset-resized/cardboard/cardboard311.jpg,cardboard,cardboard,0.9132,True
data/dataset-resized/cardboard/cardboard28.jpg,cardboard,cardboard,0.7625,True
data/dataset-resized/metal/metal365.jpg,metal,cardboard,0.246,False
data/dataset-resized/glass/glass203.jpg,glass,glass,0.7895,True
data/dataset-resized/glass/glass326.jpg,glass,glass,0.8519,True
data/dataset-resized/paper/paper570.jpg,paper,glass,0.4899,False
data/dataset-resized/paper/paper310.jpg,paper,paper,0.409,True
data/dataset-resized/paper/paper525.jpg,paper,paper,0.3802,True
data/dataset-resized/plastic/plastic474.jpg,plastic,paper,0.3801,False
data/dataset-resized/plastic/plastic138.jpg,plastic,plastic,0.604,True
data/dataset-resized/cardboard/cardboard318.jpg,cardboard,cardboard,0.9979,True
data/dataset-resized/cardboard/cardboard63.jpg,cardboard,paper,0.7064,False
data/dataset-resized/paper/paper190.jpg,paper,cardboard,0.4203,False
data/dataset-resized/glass/glass185.jpg,glass,glass,0.3061,True
data/dataset-resized/glass/glass34.jpg,glass,glass,0.9923,True
data/dataset-resized/glass/glass84.jpg,glass,glass,0.7738,True
data/dataset-resized/plastic/plastic400.jpg,plastic,plastic,0.9608,True
data/dataset-resized/glass/glass1.jpg,glass,paper,0.4314,False
data/dataset-resized/metal/metal300.jpg,metal,metal,0.9704,True
data/dataset-resized/plastic/plastic116.jpg,plastic,metal,0.936,False
data/dataset-resized/glass/glass269.jpg,glass,plastic,0.8896,False
data/dataset-resized/paper/paper231.jpg,paper,paper,0.9977,True
data/dataset-resized/glass/glass18.jpg,glass,glass,0.5585,True
data/dataset-resized/metal/metal166.jpg,metal,glass,0.5384,False
data/dataset-resized/paper/paper164.jpg,paper,paper,0.3175,True
data/dataset-resized/plastic/plastic207.jpg,plastic,plastic,0.4884,True
data/dataset-resized/plastic/plastic97.jpg,plastic,paper,0.6168,False
data/dataset-resized/cardboard/cardboard155.jpg,cardboard,cardboard,0.9997,True
data/dataset-resized/paper/paper527.jpg,paper,cardboard,0.4413,False
data/dataset-resized/glass/glass235.jpg,glass,glass,0.6238,True
data/dataset-resized/cardboard/cardboard27.jpg,cardboard,cardboard,0.9667,True
data/dataset-resized/plastic/plastic456.jpg,plastic,metal,0.8978,False
data/dataset-resized/cardboard/cardboard143.jpg,cardboard,metal,0.6276,False
data/dataset-resized/metal/metal93.jpg,metal,glass,0.9734,False
data/dataset-resized/glass/glass27.jpg,glass,metal,0.9451,False
data/dataset-resized/paper/paper344.jpg,paper,plastic,0.4927,False
data/dataset-resized/plastic/plastic364.jpg,plastic,paper,0.8937,False
data/dataset-resized/paper/paper185.jpg,paper,metal,0.4953,False
data/dataset-resized/plastic/plastic105.jpg,plastic,plastic,0.9678,True
data/dataset-resized/paper/paper129.jpg,paper,paper,0.9876,True
data/dataset-resized/glass/glass263.jpg,glass,paper,0.308,False
data/dataset-resized/glass/glass299.jpg,glass,glass,0.637,True
data/dataset-resized/glass/glass440.jpg,glass,glass,0.5483,True
data/dataset-resized/metal/metal74.jpg,metal,metal,0.9941,True
data/dataset-resized/plastic/plastic60.jpg,plastic,plastic,0.9942,True
data/dataset-resized/plastic/plastic385.jpg,plastic,plastic,0.9163,True
data/dataset-resized/cardboard/cardboard123.jpg,cardboard,metal,0.4297,False
data/dataset-resized/plastic/plastic260.jpg,plastic,glass,0.5757,False
data/dataset-resized/paper/paper382.jpg,paper,paper,0.8829,True
data/dataset-resized/glass/glass259.jpg,glass,glass,0.5949,True
data/dataset-resized/metal/metal331.jpg,metal,metal,0.5418,True
data/dataset-resized/cardboard/cardboard316.jpg,cardboard,cardboard,0.9714,True
data/dataset-resized/metal/metal233.jpg,metal,glass,0.5929,False
data/dataset-resized/paper/paper34.jpg,paper,paper,0.9833,True
data/dataset-resized/paper/paper433.jpg,paper,paper,0.6614,True
data/dataset-resized/plastic/plastic387.jpg,plastic,plastic,0.8988,True
data/dataset-resized/metal/metal386.jpg,metal,plastic,0.42,False
data/dataset-resized/plastic/plastic110.jpg,plastic,metal,0.6503,False
data/dataset-resized/glass/glass385.jpg,glass,metal,0.8485,False
data/dataset-resized/plastic/plastic244.jpg,plastic,plastic,0.8914,True
data/dataset-resized/glass/glass480.jpg,glass,glass,0.5395,True
data/dataset-resized/cardboard/cardboard342.jpg,cardboard,cardboard,0.9994,True
data/dataset-resized/cardboard/cardboard220.jpg,cardboard,cardboard,0.3046,True
data/dataset-resized/plastic/plastic240.jpg,plastic,plastic,0.9389,True
data/dataset-resized/glass/glass336.jpg,glass,glass,0.7329,True
data/dataset-resized/metal/metal44.jpg,metal,metal,0.9717,True
data/dataset-resized/paper/paper272.jpg,paper,paper,0.5868,True
data/dataset-resized/plastic/plastic417.jpg,plastic,plastic,0.9452,True
